epoch,train_loss
1,0.0019645746171474457
2,0.00046137655852362513
3,0.00021984002508421932
4,0.00011357636223331913
5,5.8182898442729915e-05
6,3.941662515902635e-05
7,2.8538382950821035e-05
8,2.2968069759754428e-05
9,1.974854682507517e-05
10,1.7787138818897574e-05
11,1.6632705756346884e-05
12,1.546098878678208e-05
13,1.4903133289025543e-05
14,1.4616448528496544e-05
