epoch,train_loss
1,0.0032235947756562382
2,0.001267853037516276
3,0.0009113968856506593
4,0.000710568914397542
5,0.000619324580829319
6,0.0005689081538871202
7,0.0005182498385324531
8,0.0004974758370141595
9,0.0004707876143031171
10,0.0004586344724280934
11,0.00045976074509332344
12,0.0004517177450873229
13,0.0004504152051037333
14,0.00043836009981484194
