epoch,train_loss
1,0.0019467961133748759
2,0.00046557086092337464
3,0.00021209302694451254
4,0.00010503265826153741
5,5.2960464542987513e-05
6,3.775394823577282e-05
7,2.69153370410559e-05
8,2.1407297548599756e-05
9,1.7935442391248556e-05
10,1.5767343965776113e-05
11,1.4625377004485312e-05
12,1.3571407677057342e-05
13,1.2898369078688177e-05
14,1.263386461738373e-05
