epoch,train_loss
1,0.005843994446936995
2,0.0009258667857153341
3,0.00035810483553214
4,0.00014282159183640034
5,6.27686949665076e-05
6,3.325094485480804e-05
7,2.1551320948856302e-05
8,1.681556325638667e-05
9,1.4095102616954591e-05
10,1.2869046329069533e-05
11,1.2051066788990283e-05
12,1.1643216632728581e-05
13,1.1182686612937686e-05
14,1.0957477476222265e-05
